Full Name,Username,Department
Prince Grundey,pgrundey0,Health Care
Wilone MacAindreis,wmacaindreis1,n/a
Glynis Keenan,gkeenan2,n/a
Euphemia Smalles,esmalles3,Finance
Pascale Corbin,pcorbin4,n/a
Giulio McCurley,gmccurley5,n/a
Ede Keating,ekeating6,n/a
Fowler Gaylord,fgaylord7,Capital Goods
Charline Curless,ccurless8,Transportation
Barty Duggen,bduggen9,Health Care
Eli O'Bradane,eobradanea,Capital Goods
Martha Dinzey,mdinzeyb,Health Care
Morly Merigeau,mmerigeauc,Consumer Services
Dulcy Tavernor,dtavernord,n/a
Denise Lipman,dlipmane,Health Care
Danica Southall,dsouthallf,Health Care
Cindy Graysmark,cgraysmarkg,Transportation
Christoper Teasell,cteasellh,Energy
Salomo Graysmark,sgraysmarki,Basic Industries
Eryn Leer,eleerj,Consumer Services
